Algoritmo,Media_s,DesvioPadrao_s,Comparacoes,Trocas
Heapsort,0.000229,0.000042,112126,60932
Quicksort,0.007127,0.000100,12497500,12502499
