Algoritmo,Media_s,DesvioPadrao_s,Comparacoes,Trocas
Heapsort,0.000378,0.000155,112126,60932
Quicksort,0.023203,0.002982,12497500,12502499
